{"cameraMode":{"drawMode":0,"name":"Shaded","section":"Shading Mode"},"sceneLighting":true,"audioPlay":false,"sceneViewState":{"showFog":true,"showMaterialUpdate":false,"showSkybox":true,"showFlares":true,"showImageEffects":true,"showParticleSystems":true},"in2DMode":false,"pivot":{"x":389.0436706542969,"y":123.35616302490235,"z":0.02301025390625},"rotation":{"x":-0.000809520308393985,"y":-0.003902997588738799,"z":0.0000033443739084759729,"w":-0.9999930262565613},"size":177.54840087890626,"orthographic":false}